id_mutation,date_mutation,numero_disposition,nature_mutation,valeur_fonciere,code_postal,code_commune,nom_commune,code_departement,type_local,surface_reelle_bati,nombre_pieces_principales,lot1_surface_carrez
2023-000001,2023-05-06,1,Vente,281376,44000,44109,Nantes,44,Appartement,48,4,
2023-000002,2023-10-15,2,Vente,394425,69002,69382,Lyon 2e Arrondissement,69,Appartement,45,1,42
2023-000003,2023-06-22,4,Vente,184992,13007,13207,Marseille 7e Arrondissement,13,Maison,96,1,91
2023-000004,2023-11-18,3,Vente,632772,13011,13211,Marseille 11e Arrondissement,13,Maison,162,2,153
2023-000005,2023-05-23,1,Vente,910470,67000,67482,Strasbourg,67,Maison,186,6,176
2023-000006,2023-08-25,2,Vente,859549,75018,75118,Paris 18e Arrondissement,75,Maison,167,5,158
2023-000007,2023-01-17,2,Vente,961500,67000,67482,Strasbourg,67,Maison,150,3,142
2023-000008,2023-03-15,4,Vente en l'état futur d'achèvement,357114,13011,13211,Marseille 11e Arrondissement,13,Appartement,53,3,50
2023-000009,2023-03-12,4,Vente,910890,13011,13211,Marseille 11e Arrondissement,13,Dépendance,290,,275
2023-000010,2023-09-28,1,Vente,813858,13011,13211,Marseille 11e Arrondissement,13,Dépendance,158,,150
2023-000011,2023-06-24,2,Vente,236504,31000,31555,Toulouse,31,Appartement,34,3,32
2023-000012,2023-11-24,1,Vente en l'état futur d'achèvement,751424,75011,75111,Paris 11e Arrondissement,75,Maison,199,5,189
2023-000013,2023-06-07,1,Vente,307952,33000,33063,Bordeaux,33,Local industriel. commercial ou assimilé,152,,144
2023-000014,2023-09-01,2,Vente,905940,31000,31555,Toulouse,31,Maison,210,4,199
2023-000015,2023-06-09,1,Vente,618340,35000,35238,Rennes,35,Maison,172,3,163
2023-000016,2023-12-29,1,Vente,321980,69002,69382,Lyon 2e Arrondissement,69,Maison,85,3,80
2023-000017,2023-03-09,4,Vente,1416528,69006,69386,Lyon 6e Arrondissement,69,Maison,216,6,
2023-000018,2023-12-11,2,Vente,495842,13011,13211,Marseille 11e Arrondissement,13,Appartement,103,1,
2023-000019,2023-05-23,1,Vente,497779,31000,31555,Toulouse,31,Appartement,79,1,75
2023-000020,2023-05-02,4,Vente en l'état futur d'achèvement,327520,31000,31555,Toulouse,31,Dépendance,115,,109
2023-000021,2023-05-16,4,Vente,471338,75018,75118,Paris 18e Arrondissement,75,Dépendance,262,,
2023-000022,2023-10-05,2,Vente,462910,69006,69386,Lyon 6e Arrondissement,69,Maison,85,5,
2023-000023,2023-11-01,1,Vente,196968,31000,31555,Toulouse,31,Maison,87,1,
2023-000024,2023-05-14,3,Vente,682834,06000,06088,Nice,06,Maison,122,6,
2023-000025,2023-11-15,2,Vente en l'état futur d'achèvement,523230,35000,35238,Rennes,35,Maison,214,1,
2023-000026,2023-06-04,1,Vente,413658,75018,75118,Paris 18e Arrondissement,75,Appartement,98,6,93
2023-000027,2023-10-11,4,Vente,323349,75018,75118,Paris 18e Arrondissement,75,Appartement,39,3,
2023-000028,2023-05-22,2,Vente,112125,67000,67482,Strasbourg,67,Appartement,25,3,23
2023-000029,2023-02-27,1,Vente,116986,31000,31555,Toulouse,31,Appartement,29,2,
2023-000030,2023-07-03,4,Adjudication,388926,35000,35238,Rennes,35,Maison,123,5,116
2023-000031,2023-03-25,2,Vente,464520,59000,59350,Lille,59,Local industriel. commercial ou assimilé,120,,
2023-000032,2023-01-20,3,Vente,695210,35000,35238,Rennes,35,Maison,190,3,180
2023-000033,2023-04-09,4,Vente,764540,67000,67482,Strasbourg,67,Maison,172,5,163
2023-000034,2023-03-01,1,Vente,347842,67000,67482,Strasbourg,67,Local industriel. commercial ou assimilé,163,,
2023-000035,2023-08-12,2,Vente,319227,13011,13211,Marseille 11e Arrondissement,13,Appartement,97,1,
2023-000036,2023-11-16,3,Echange,1098010,75011,75111,Paris 11e Arrondissement,75,Local industriel. commercial ou assimilé,190,,180
2023-000037,2023-06-01,3,Vente,591300,44000,44109,Nantes,44,Appartement,90,2,
2023-000038,2023-08-09,4,Vente,1224724,67000,67482,Strasbourg,67,Maison,218,2,207
2023-000039,2023-05-26,2,Vente,989315,35000,35238,Rennes,35,Appartement,85,2,
2023-000040,2023-02-07,4,Adjudication,1165866,69002,69382,Lyon 2e Arrondissement,69,Appartement,78,6,
2023-000041,2023-02-24,2,Vente,1518202,69002,69382,Lyon 2e Arrondissement,69,Appartement,119,5,113
2023-000042,2023-12-08,4,Vente,975183,75011,75111,Paris 11e Arrondissement,75,Appartement,87,5,82
2023-000043,2023-09-01,2,Vente,835645,31000,31555,Toulouse,31,Maison,185,4,
2023-000044,2023-06-21,2,Vente,217742,75011,75111,Paris 11e Arrondissement,75,Maison,151,6,143
2023-000045,2023-08-27,1,Vente,406560,75011,75111,Paris 11e Arrondissement,75,Maison,176,6,167
2023-000046,2023-06-30,2,Vente,821976,35000,35238,Rennes,35,Appartement,58,4,
2023-000047,2023-06-22,1,Vente,737153,69006,69386,Lyon 6e Arrondissement,69,Maison,173,4,
2023-000048,2023-01-26,4,Vente,419389,13011,13211,Marseille 11e Arrondissement,13,Appartement,53,3,
2023-000049,2023-08-29,1,Vente,102696,67000,67482,Strasbourg,67,Appartement,22,6,20
2023-000050,2023-03-20,4,Vente,458369,69002,69382,Lyon 2e Arrondissement,69,Maison,131,2,124
2023-000051,2023-02-28,4,Vente,773857,35000,35238,Rennes,35,Appartement,119,6,
2023-000052,2023-11-18,1,Vente,200124,59000,59350,Lille,59,Appartement,51,6,48
2023-000053,2023-08-08,4,Vente,301432,06000,06088,Nice,06,Maison,164,1,155
2023-000054,2023-03-20,4,Vente en l'état futur d'achèvement,447225,44000,44109,Nantes,44,Appartement,75,3,
2023-000055,2023-05-06,3,Vente,454940,67000,67482,Strasbourg,67,Maison,92,4,
2023-000056,2023-07-01,1,Vente,409425,67000,67482,Strasbourg,67,Appartement,53,3,50
2023-000057,2023-09-08,3,Vente,494312,69002,69382,Lyon 2e Arrondissement,69,Appartement,91,1,
2023-000058,2023-07-08,3,Vente,515760,59000,59350,Lille,59,Appartement,80,3,76
2023-000059,2023-04-09,4,Vente,323400,69006,69386,Lyon 6e Arrondissement,69,Maison,150,6,
2023-000060,2023-05-25,1,Adjudication,107232,06000,06088,Nice,06,Appartement,32,3,30
2023-000061,2023-10-11,1,Vente,1110516,75018,75118,Paris 18e Arrondissement,75,Dépendance,179,,170
2023-000062,2023-01-27,1,Vente,794084,33000,33063,Bordeaux,33,Maison,134,4,127
2023-000063,2023-10-16,2,Vente,352506,44000,44109,Nantes,44,Maison,147,5,139
2023-000064,2023-10-29,1,Vente,626780,13011,13211,Marseille 11e Arrondissement,13,Appartement,74,6,70
2023-000065,2023-02-11,4,Vente,0,69002,69382,Lyon 2e Arrondissement,69,Maison,110,5,
2023-000066,2023-08-21,2,Vente,327360,69002,69382,Lyon 2e Arrondissement,69,Maison,88,6,
2023-000067,2023-05-17,4,Vente,302418,31000,31555,Toulouse,31,Maison,106,3,
2023-000068,2023-05-20,3,Vente,1125768,59000,59350,Lille,59,Appartement,84,4,79
2023-000069,2023-10-22,2,Vente,837210,75001,75101,Paris 1er Arrondissement,75,Dépendance,330,,
2023-000070,2023-10-27,3,Vente,1175595,44000,44109,Nantes,44,Maison,181,4,
2023-000071,2023-12-22,3,Vente en l'état futur d'achèvement,798112,75011,75111,Paris 11e Arrondissement,75,Maison,196,1,
2023-000072,2023-09-21,4,Adjudication,202720,75011,75111,Paris 11e Arrondissement,75,Appartement,20,3,19
2023-000073,2023-03-09,2,Vente,1070641,35000,35238,Rennes,35,Maison,143,2,
2023-000074,2023-02-28,3,Vente,355132,75001,75101,Paris 1er Arrondissement,75,Maison,188,6,178
2023-000075,2023-08-30,1,Vente,509184,69006,69386,Lyon 6e Arrondissement,69,Appartement,51,2,
2023-000076,2023-09-17,4,Vente en l'état futur d'achèvement,286488,35000,35238,Rennes,35,Maison,138,5,131
2023-000077,2023-10-10,4,Vente,1151381,33000,33063,Bordeaux,33,Maison,209,5,
2023-000078,2023-08-31,2,Vente,1133095,35000,35238,Rennes,35,Maison,167,6,
2023-000079,2023-06-19,2,Vente,320760,75001,75101,Paris 1er Arrondissement,75,Dépendance,81,,
2023-000080,2023-12-21,4,Echange,463410,35000,35238,Rennes,35,Maison,171,5,162
2023-000081,2023-10-05,4,Vente,98496,44000,44109,Nantes,44,Appartement,24,1,22
2023-000082,2023-08-16,3,Vente,443333,35000,35238,Rennes,35,Appartement,41,1,
2023-000083,2023-10-17,4,Vente,664577,13011,13211,Marseille 11e Arrondissement,13,Appartement,107,2,101
2023-000084,2023-08-24,2,Vente,221260,75018,75118,Paris 18e Arrondissement,75,Appartement,52,3,
2023-000085,2023-08-06,4,Adjudication,929826,13007,13207,Marseille 7e Arrondissement,13,Maison,134,2,127
2023-000086,2023-01-12,1,Vente,1124240,06000,06088,Nice,06,Appartement,104,6,98
2023-000087,2023-05-27,2,Vente,764694,59000,59350,Lille,59,Local industriel. commercial ou assimilé,147,,139
2023-000088,2023-08-14,3,Vente,308880,44000,44109,Nantes,44,Maison,78,3,74
2023-000089,2023-07-07,3,Vente,789177,75018,75118,Paris 18e Arrondissement,75,Appartement,87,3,82
2023-000090,2023-04-26,1,Echange,675963,33000,33063,Bordeaux,33,Maison,171,3,
2023-000091,2023-07-15,2,Vente,329340,44000,44109,Nantes,44,Maison,165,3,156
2023-000092,2023-06-04,1,Vente en l'état futur d'achèvement,889072,44000,44109,Nantes,44,Local industriel. commercial ou assimilé,362,,
2023-000093,2023-10-03,2,Vente,502320,33000,33063,Bordeaux,33,Maison,104,4,98
2023-000094,2023-07-28,2,Vente,236940,44000,44109,Nantes,44,Appartement,55,4,52
2023-000095,2023-11-27,1,Adjudication,320873,75011,75111,Paris 11e Arrondissement,75,Maison,161,4,152
2023-000096,2023-01-26,2,Vente,427800,44000,44109,Nantes,44,Dépendance,200,,
2023-000097,2023-04-30,3,Vente,393638,35000,35238,Rennes,35,Appartement,62,2,58
2023-000098,2023-01-08,1,Vente,430836,75011,75111,Paris 11e Arrondissement,75,Maison,161,3,
2023-000099,2023-09-01,3,Vente,598059,13011,13211,Marseille 11e Arrondissement,13,Appartement,77,1,
2023-000100,2023-07-25,1,Vente,293854,75001,75101,Paris 1er Arrondissement,75,Appartement,74,1,
2023-000101,2023-11-21,1,Vente,810081,75018,75118,Paris 18e Arrondissement,75,Maison,219,4,208
2023-000102,2023-10-10,3,Vente en l'état futur d'achèvement,782992,75011,75111,Paris 11e Arrondissement,75,Appartement,112,4,106
2023-000103,2023-08-07,1,Vente,625650,13011,13211,Marseille 11e Arrondissement,13,Maison,150,1,
2023-000104,2023-10-12,4,Vente,246375,59000,59350,Lille,59,Appartement,27,6,25
2023-000105,2023-06-09,3,Vente,313280,59000,59350,Lille,59,Maison,160,1,152
2023-000106,2023-04-26,3,Vente,370709,13007,13207,Marseille 7e Arrondissement,13,Maison,179,6,
2023-000107,2023-06-23,1,Vente,364269,69006,69386,Lyon 6e Arrondissement,69,Maison,159,6,
2023-000108,2023-06-24,1,Vente,370880,31000,31555,Toulouse,31,Appartement,40,5,38
2023-000109,2023-12-12,1,Vente,209820,75018,75118,Paris 18e Arrondissement,75,Appartement,30,2,
2023-000110,2023-09-07,1,Vente,788394,75011,75111,Paris 11e Arrondissement,75,Appartement,87,5,
2023-000111,2023-05-11,2,Echange,559056,69006,69386,Lyon 6e Arrondissement,69,Appartement,57,5,54
2023-000112,2023-07-23,4,Vente,595120,67000,67482,Strasbourg,67,Maison,80,3,76
2023-000113,2023-07-27,1,Vente,407025,59000,59350,Lille,59,Maison,75,3,
2023-000114,2023-09-26,3,Vente,498780,75011,75111,Paris 11e Arrondissement,75,Appartement,30,2,28
2023-000115,2023-09-19,2,Vente,391272,75011,75111,Paris 11e Arrondissement,75,Maison,119,1,
2023-000116,2023-12-02,4,Vente,237510,75018,75118,Paris 18e Arrondissement,75,Appartement,29,4,27
2023-000117,2023-06-15,3,Vente,1094418,06000,06088,Nice,06,Dépendance,351,,333
2023-000118,2023-08-20,1,Vente,183359,13007,13207,Marseille 7e Arrondissement,13,Maison,79,6,75
2023-000119,2023-01-22,3,Vente,420882,31000,31555,Toulouse,31,Appartement,77,1,73
2023-000120,2023-05-07,3,Vente,1400854,75011,75111,Paris 11e Arrondissement,75,Maison,182,3,172
2023-000121,2023-11-03,2,Vente,400890,13011,13211,Marseille 11e Arrondissement,13,Maison,83,6,
2023-000122,2023-06-08,1,Vente,1883765,06000,06088,Nice,06,Local industriel. commercial ou assimilé,365,,
2023-000123,2023-03-07,2,Vente,397188,13011,13211,Marseille 11e Arrondissement,13,Maison,204,2,
2023-000124,2023-03-12,1,Vente,203830,35000,35238,Rennes,35,Maison,109,5,103
2023-000125,2023-03-20,1,Vente,276280,35000,35238,Rennes,35,Appartement,40,4,
2023-000126,2023-11-09,2,Vente,638925,44000,44109,Nantes,44,Dépendance,175,,
2023-000127,2023-04-10,4,Vente,1624972,35000,35238,Rennes,35,Local industriel. commercial ou assimilé,218,,207
2023-000128,2023-11-06,1,Echange,261220,13011,13211,Marseille 11e Arrondissement,13,Appartement,37,3,35
2023-000129,2023-03-24,4,Vente en l'état futur d'achèvement,979533,31000,31555,Toulouse,31,Maison,139,2,132
2023-000130,2023-07-11,3,Vente,796770,75001,75101,Paris 1er Arrondissement,75,Maison,130,1,123
2023-000131,2023-03-16,4,Vente,212940,67000,67482,Strasbourg,67,Maison,105,6,
2023-000132,2023-04-21,1,Vente en l'état futur d'achèvement,933336,75001,75101,Paris 1er Arrondissement,75,Maison,108,3,
2023-000133,2023-02-02,3,Vente,397018,13011,13211,Marseille 11e Arrondissement,13,Appartement,34,2,
2023-000134,2023-04-06,1,Vente,412125,06000,06088,Nice,06,Appartement,105,5,
2023-000135,2023-07-11,3,Vente,282338,33000,33063,Bordeaux,33,Maison,134,1,
2023-000136,2023-03-31,2,Vente,1503089,13007,13207,Marseille 7e Arrondissement,13,Appartement,119,2,
2023-000137,2023-04-14,4,Echange,316953,35000,35238,Rennes,35,Maison,81,5,
2023-000138,2023-01-25,4,Vente,621544,35000,35238,Rennes,35,Maison,154,4,146
2023-000139,2023-12-21,4,Vente,1058087,13011,13211,Marseille 11e Arrondissement,13,Maison,197,1,187
2023-000140,2023-02-22,4,Vente,364590,67000,67482,Strasbourg,67,Maison,90,5,
2023-000141,2023-06-30,3,Vente,648342,33000,33063,Bordeaux,33,Maison,181,4,171
2023-000142,2023-03-15,1,Vente,1287275,59000,59350,Lille,59,Dépendance,341,,
2023-000143,2023-10-18,2,Vente,221286,44000,44109,Nantes,44,Maison,78,5,74
2023-000144,2023-02-28,1,Vente,160588,13011,13211,Marseille 11e Arrondissement,13,Maison,76,5,
2023-000145,2023-11-10,4,Vente,957242,69006,69386,Lyon 6e Arrondissement,69,Maison,143,6,135
2023-000146,2023-06-13,3,Vente,975030,35000,35238,Rennes,35,Appartement,105,3,99
2023-000147,2023-03-31,3,Vente,430518,59000,59350,Lille,59,Appartement,66,1,62
2023-000148,2023-03-08,4,Vente,742938,13007,13207,Marseille 7e Arrondissement,13,Dépendance,343,,325
2023-000149,2023-03-06,2,Vente,177960,35000,35238,Rennes,35,Appartement,60,5,57
2023-000150,2023-01-29,3,Vente,504060,75018,75118,Paris 18e Arrondissement,75,Local industriel. commercial ou assimilé,93,,88
2023-000151,2023-05-26,1,Vente,241290,69002,69382,Lyon 2e Arrondissement,69,Local industriel. commercial ou assimilé,70,,66
2023-000152,2023-03-29,1,Vente,1259752,75018,75118,Paris 18e Arrondissement,75,Appartement,104,1,
2023-000153,2023-04-18,3,Vente,1357776,44000,44109,Nantes,44,Maison,216,6,
2023-000154,2023-08-21,2,Vente,112491,35000,35238,Rennes,35,Appartement,29,4,
2023-000155,2023-06-26,3,Vente,432106,75018,75118,Paris 18e Arrondissement,75,Appartement,71,1,
2023-000156,2023-07-16,3,Vente,485511,75018,75118,Paris 18e Arrondissement,75,Maison,177,3,
2023-000157,2023-09-13,3,Vente,1011909,75018,75118,Paris 18e Arrondissement,75,Appartement,59,2,
2023-000158,2023-12-01,4,Vente,1352030,69006,69386,Lyon 6e Arrondissement,69,Appartement,106,1,
2023-000159,2023-07-07,4,Vente,365800,69006,69386,Lyon 6e Arrondissement,69,Appartement,25,4,23
2023-000160,2023-11-09,3,Vente en l'état futur d'achèvement,225330,69006,69386,Lyon 6e Arrondissement,69,Appartement,35,3,33
2023-000161,2023-01-21,2,Vente,110550,69002,69382,Lyon 2e Arrondissement,69,Appartement,25,5,
2023-000162,2023-11-12,3,Vente,737592,06000,06088,Nice,06,Maison,146,4,
2023-000163,2023-08-02,3,Vente,865928,75001,75101,Paris 1er Arrondissement,75,Appartement,94,4,89
2023-000164,2023-04-27,4,Adjudication,323904,35000,35238,Rennes,35,Appartement,112,6,
2023-000165,2023-12-25,4,Vente,235620,44000,44109,Nantes,44,Appartement,34,4,32
2023-000166,2023-09-23,3,Vente,398222,59000,59350,Lille,59,Appartement,46,4,43
2023-000167,2023-07-01,3,Vente en l'état futur d'achèvement,933244,33000,33063,Bordeaux,33,Maison,137,3,130
2023-000168,2023-06-28,4,Vente,1079697,59000,59350,Lille,59,Maison,213,5,202
2023-000169,2023-03-16,3,Vente,332148,13011,13211,Marseille 11e Arrondissement,13,Dépendance,178,,169
2023-000170,2023-10-15,2,Vente,1182977,69002,69382,Lyon 2e Arrondissement,69,Appartement,109,5,
2023-000171,2023-04-30,2,Vente en l'état futur d'achèvement,137863,44000,44109,Nantes,44,Maison,83,1,
2023-000172,2023-05-28,2,Vente,785384,33000,33063,Bordeaux,33,Maison,152,1,144
2023-000173,2023-03-31,3,Vente en l'état futur d'achèvement,643456,59000,59350,Lille,59,Maison,176,2,167
2023-000174,2023-06-21,2,Vente,658672,75001,75101,Paris 1er Arrondissement,75,Appartement,56,4,53
2023-000175,2023-06-19,2,Vente,397920,33000,33063,Bordeaux,33,Appartement,40,3,
2023-000176,2023-08-07,2,Vente,556240,67000,67482,Strasbourg,67,Appartement,85,2,
2023-000177,2023-08-17,2,Vente,563454,69002,69382,Lyon 2e Arrondissement,69,Maison,138,6,
2023-000178,2023-12-18,3,Vente,1134342,75011,75111,Paris 11e Arrondissement,75,Maison,198,3,188
2023-000179,2023-08-21,2,Echange,785680,69002,69382,Lyon 2e Arrondissement,69,Appartement,115,6,109
2023-000180,2023-02-11,1,Vente,1163625,44000,44109,Nantes,44,Appartement,87,5,
2023-000181,2023-10-02,4,Vente en l'état futur d'achèvement,339120,31000,31555,Toulouse,31,Maison,108,5,
2023-000182,2023-03-09,3,Vente,1557750,31000,31555,Toulouse,31,Maison,201,4,190
2023-000183,2023-04-22,4,Vente,555682,13011,13211,Marseille 11e Arrondissement,13,Maison,218,1,
2023-000184,2023-11-25,4,Vente,833493,13011,13211,Marseille 11e Arrondissement,13,Maison,177,4,
2023-000185,2023-06-28,1,Vente en l'état futur d'achèvement,412800,44000,44109,Nantes,44,Maison,100,1,95
2023-000186,2023-09-30,2,Vente,404668,33000,33063,Bordeaux,33,Appartement,68,3,64
2023-000187,2023-12-05,1,Vente,390816,59000,59350,Lille,59,Maison,177,6,
2023-000188,2023-04-22,3,Vente,313656,75001,75101,Paris 1er Arrondissement,75,Maison,84,6,79
2023-000189,2023-06-04,2,Vente,325102,35000,35238,Rennes,35,Maison,106,6,100
2023-000190,2023-06-26,4,Vente,807445,13011,13211,Marseille 11e Arrondissement,13,Maison,167,3,
2023-000191,2023-06-03,2,Vente,750420,31000,31555,Toulouse,31,Appartement,110,5,
2023-000192,2023-08-19,3,Vente,167433,69006,69386,Lyon 6e Arrondissement,69,Appartement,67,1,
2023-000193,2023-04-07,2,Vente,449046,06000,06088,Nice,06,Appartement,117,1,111
2023-000194,2023-09-03,2,Vente,806036,59000,59350,Lille,59,Dépendance,154,,146
2023-000195,2023-11-29,4,Vente,543790,35000,35238,Rennes,35,Appartement,65,6,61
2023-000196,2023-07-31,4,Vente en l'état futur d'achèvement,344493,13007,13207,Marseille 7e Arrondissement,13,Maison,81,5,
2023-000197,2023-05-06,4,Vente,872710,69002,69382,Lyon 2e Arrondissement,69,Maison,197,4,
2023-000198,2023-10-07,1,Vente,910260,35000,35238,Rennes,35,Maison,195,6,185
2023-000199,2023-12-09,1,Vente en l'état futur d'achèvement,76140,67000,67482,Strasbourg,67,Local industriel. commercial ou assimilé,54,,
2023-000200,2023-12-08,4,Vente,1388856,33000,33063,Bordeaux,33,Appartement,98,5,
2023-000201,2023-05-27,2,Vente,300014,31000,31555,Toulouse,31,Appartement,22,2,
2023-000202,2023-07-23,2,Vente,254880,31000,31555,Toulouse,31,Maison,90,2,
2023-000203,2023-11-29,2,Vente en l'état futur d'achèvement,536445,67000,67482,Strasbourg,67,Appartement,117,1,
2023-000204,2023-10-17,4,Vente,140448,67000,67482,Strasbourg,67,Appartement,32,6,
2023-000205,2023-10-06,4,Vente,541634,75011,75111,Paris 11e Arrondissement,75,Maison,214,2,203
2023-000206,2023-07-19,1,Vente,1232400,69006,69386,Lyon 6e Arrondissement,69,Maison,208,6,197
2023-000207,2023-02-08,4,Vente,874629,13007,13207,Marseille 7e Arrondissement,13,Appartement,63,4,
2023-000208,2023-12-15,1,Echange,1092938,31000,31555,Toulouse,31,Appartement,94,2,
2023-000209,2023-03-20,3,Vente,0,75018,75118,Paris 18e Arrondissement,75,Appartement,114,3,
2023-000210,2023-10-12,1,Vente,1099560,75011,75111,Paris 11e Arrondissement,75,Appartement,85,5,80
2023-000211,2023-05-30,2,Vente,1197350,35000,35238,Rennes,35,Maison,175,2,166
2023-000212,2023-09-10,4,Vente,168418,75018,75118,Paris 18e Arrondissement,75,Maison,107,3,101
2023-000213,2023-11-17,4,Vente,0,13007,13207,Marseille 7e Arrondissement,13,Maison,196,5,186
2023-000214,2023-11-30,2,Vente,590592,13007,13207,Marseille 7e Arrondissement,13,Appartement,96,6,
2023-000215,2023-05-30,4,Echange,1471855,75018,75118,Paris 18e Arrondissement,75,Dépendance,385,,
2023-000216,2023-04-03,2,Vente,1920014,06000,06088,Nice,06,Dépendance,379,,
2023-000217,2023-07-29,1,Vente en l'état futur d'achèvement,627642,69006,69386,Lyon 6e Arrondissement,69,Maison,197,4,
2023-000218,2023-09-17,1,Vente,1166940,06000,06088,Nice,06,Appartement,108,3,
2023-000219,2023-11-28,3,Vente,609687,69002,69382,Lyon 2e Arrondissement,69,Maison,81,1,
2023-000220,2023-10-22,2,Vente,556704,59000,59350,Lille,59,Appartement,48,6,
2023-000221,2023-02-13,4,Vente,313335,75001,75101,Paris 1er Arrondissement,75,Maison,99,3,
2023-000222,2023-06-03,2,Vente,202095,59000,59350,Lille,59,Maison,81,1,76
2023-000223,2023-03-23,4,Vente,1127434,59000,59350,Lille,59,Maison,154,6,
2023-000224,2023-10-31,1,Vente,0,59000,59350,Lille,59,Maison,179,3,170
2023-000225,2023-06-16,4,Vente en l'état futur d'achèvement,937800,35000,35238,Rennes,35,Maison,120,3,114
2023-000226,2023-08-23,2,Vente,603288,06000,06088,Nice,06,Maison,114,6,
2023-000227,2023-12-22,2,Vente,630064,69002,69382,Lyon 2e Arrondissement,69,Maison,106,6,100
2023-000228,2023-08-19,4,Vente,391428,33000,33063,Bordeaux,33,Maison,83,2,78
2023-000229,2023-09-09,1,Vente,810592,31000,31555,Toulouse,31,Appartement,73,3,
2023-000230,2023-10-17,3,Vente,1387245,31000,31555,Toulouse,31,Appartement,115,1,109
2023-000231,2023-01-22,3,Adjudication,670995,67000,67482,Strasbourg,67,Appartement,117,2,111
2023-000232,2023-02-14,3,Vente,337610,75001,75101,Paris 1er Arrondissement,75,Maison,182,6,172
2023-000233,2023-03-13,3,Vente,461038,06000,06088,Nice,06,Maison,122,2,115
2023-000234,2023-09-21,3,Vente,256620,69006,69386,Lyon 6e Arrondissement,69,Maison,94,1,89
2023-000235,2023-03-16,4,Vente,542336,75018,75118,Paris 18e Arrondissement,75,Maison,152,3,
2023-000236,2023-02-17,4,Vente,440768,75011,75111,Paris 11e Arrondissement,75,Appartement,71,4,
2023-000237,2023-02-17,2,Vente en l'état futur d'achèvement,1106157,75001,75101,Paris 1er Arrondissement,75,Appartement,113,4,107
2023-000238,2023-05-26,1,Vente,432120,67000,67482,Strasbourg,67,Maison,156,3,
2023-000239,2023-03-05,3,Vente,222000,44000,44109,Nantes,44,Appartement,40,2,
2023-000240,2023-02-12,2,Vente,664455,69006,69386,Lyon 6e Arrondissement,69,Maison,165,6,
2023-000241,2023-09-02,1,Vente,254985,75011,75111,Paris 11e Arrondissement,75,Maison,89,3,84
2023-000242,2023-04-28,3,Vente,242604,13011,13211,Marseille 11e Arrondissement,13,Appartement,69,3,65
2023-000243,2023-03-10,2,Vente,740826,75018,75118,Paris 18e Arrondissement,75,Appartement,102,3,96
2023-000244,2023-08-15,4,Vente en l'état futur d'achèvement,206142,75018,75118,Paris 18e Arrondissement,75,Appartement,47,1,
2023-000245,2023-05-22,1,Vente,245154,13011,13211,Marseille 11e Arrondissement,13,Maison,91,6,86
2023-000246,2023-11-07,2,Vente en l'état futur d'achèvement,643800,44000,44109,Nantes,44,Maison,200,1,
2023-000247,2023-02-06,4,Vente,493464,75011,75111,Paris 11e Arrondissement,75,Appartement,87,5,
2023-000248,2023-02-07,4,Vente,84942,44000,44109,Nantes,44,Appartement,22,1,20
2023-000249,2023-08-05,1,Vente,1561643,44000,44109,Nantes,44,Appartement,109,3,103
2023-000250,2023-06-17,1,Adjudication,415310,69002,69382,Lyon 2e Arrondissement,69,Maison,170,2,
2023-000251,2023-01-29,3,Vente,427101,13011,13211,Marseille 11e Arrondissement,13,Appartement,59,3,
2023-000252,2023-03-02,1,Vente,562860,75018,75118,Paris 18e Arrondissement,75,Appartement,118,5,
2023-000253,2023-09-19,1,Vente,202488,06000,06088,Nice,06,Appartement,66,1,
2023-000254,2023-01-07,2,Vente,204102,31000,31555,Toulouse,31,Appartement,51,2,48
2023-000255,2023-12-02,3,Vente,402303,67000,67482,Strasbourg,67,Appartement,73,1,
2023-000256,2023-09-22,3,Vente en l'état futur d'achèvement,614952,44000,44109,Nantes,44,Maison,81,3,
2023-000257,2023-05-30,2,Vente,954440,31000,31555,Toulouse,31,Maison,214,2,
2023-000258,2023-11-22,4,Vente,374112,13011,13211,Marseille 11e Arrondissement,13,Appartement,,6,0
2023-000259,2023-05-02,2,Vente,1689288,59000,59350,Lille,59,Maison,177,1,168
2023-000260,2023-08-23,4,Vente,406295,31000,31555,Toulouse,31,Appartement,115,6,
2023-000261,2023-03-08,3,Vente,420400,06000,06088,Nice,06,Appartement,50,6,
2023-000262,2023-03-11,4,Vente,760648,69006,69386,Lyon 6e Arrondissement,69,Local industriel. commercial ou assimilé,329,,
2023-000263,2023-04-17,3,Vente,514431,75011,75111,Paris 11e Arrondissement,75,Dépendance,261,,247
2023-000264,2023-06-17,1,Vente,254232,59000,59350,Lille,59,Maison,107,4,101
2023-000265,2023-07-27,2,Vente en l'état futur d'achèvement,692085,69006,69386,Lyon 6e Arrondissement,69,Maison,185,1,
2023-000266,2023-11-27,2,Vente,266910,67000,67482,Strasbourg,67,Appartement,30,1,28
2023-000267,2023-06-19,4,Vente,234219,33000,33063,Bordeaux,33,Maison,101,6,
2023-000268,2023-04-20,2,Vente,515619,13011,13211,Marseille 11e Arrondissement,13,Maison,117,1,111
2023-000269,2023-02-01,1,Vente,226796,33000,33063,Bordeaux,33,Appartement,31,2,29
2023-000270,2023-09-06,2,Vente,612416,35000,35238,Rennes,35,Appartement,64,3,
2023-000271,2023-08-30,2,Vente,991790,35000,35238,Rennes,35,Maison,205,6,
2023-000272,2023-04-23,2,Vente,325035,67000,67482,Strasbourg,67,Appartement,93,2,
2023-000273,2023-10-30,3,Vente,238372,13007,13207,Marseille 7e Arrondissement,13,Appartement,23,4,
2023-000274,2023-04-23,2,Vente,0,75001,75101,Paris 1er Arrondissement,75,Maison,75,2,
2023-000275,2023-06-15,3,Vente en l'état futur d'achèvement,126198,75018,75118,Paris 18e Arrondissement,75,Appartement,27,5,25
2023-000276,2023-10-28,4,Vente,333184,13007,13207,Marseille 7e Arrondissement,13,Appartement,32,2,30
2023-000277,2023-10-15,2,Vente,469154,33000,33063,Bordeaux,33,Maison,161,3,
2023-000278,2023-07-20,2,Echange,457600,75001,75101,Paris 1er Arrondissement,75,Local industriel. commercial ou assimilé,320,,304
2023-000279,2023-02-09,3,Vente en l'état futur d'achèvement,648440,75011,75111,Paris 11e Arrondissement,75,Maison,130,6,
2023-000280,2023-06-29,4,Vente,205452,69006,69386,Lyon 6e Arrondissement,69,Appartement,52,4,49
2023-000281,2023-10-07,2,Vente,420146,13011,13211,Marseille 11e Arrondissement,13,Maison,166,2,
2023-000282,2023-06-13,2,Vente en l'état futur d'achèvement,215560,35000,35238,Rennes,35,Maison,136,4,129
2023-000283,2023-06-23,4,Echange,2037400,31000,31555,Toulouse,31,Dépendance,334,,
2023-000284,2023-07-29,3,Vente,1592636,75011,75111,Paris 11e Arrondissement,75,Dépendance,386,,366
2023-000285,2023-10-20,4,Vente,1497300,69006,69386,Lyon 6e Arrondissement,69,Maison,210,6,
2023-000286,2023-02-11,3,Vente,364800,75001,75101,Paris 1er Arrondissement,75,Appartement,80,4,
2023-000287,2023-07-15,1,Vente,497740,31000,31555,Toulouse,31,Maison,164,3,
2023-000288,2023-06-26,1,Vente,1415440,59000,59350,Lille,59,Maison,208,5,197
2023-000289,2023-12-18,1,Vente,1570569,67000,67482,Strasbourg,67,Dépendance,273,,259
2023-000290,2023-11-14,2,Vente,130910,31000,31555,Toulouse,31,Appartement,38,2,36
2023-000291,2023-12-16,1,Vente,793504,75018,75118,Paris 18e Arrondissement,75,Maison,181,6,
2023-000292,2023-05-22,4,Vente,1313613,31000,31555,Toulouse,31,Maison,203,6,
2023-000293,2023-02-21,4,Vente,142626,75018,75118,Paris 18e Arrondissement,75,Appartement,33,3,31
2023-000294,2023-05-22,1,Vente,391845,06000,06088,Nice,06,Maison,173,4,
2023-000295,2023-09-01,1,Vente,825378,13007,13207,Marseille 7e Arrondissement,13,Maison,138,4,131
2023-000296,2023-08-15,1,Vente,606444,69002,69382,Lyon 2e Arrondissement,69,Dépendance,194,,
2023-000297,2023-09-06,4,Vente en l'état futur d'achèvement,1087398,69002,69382,Lyon 2e Arrondissement,69,Appartement,117,5,
2023-000298,2023-03-30,1,Vente,212388,67000,67482,Strasbourg,67,Appartement,44,4,41
2023-000299,2023-08-26,4,Vente,1214497,59000,59350,Lille,59,Maison,199,5,
2023-000300,2023-06-26,1,Vente,316320,67000,67482,Strasbourg,67,Appartement,40,3,
2023-000301,2023-04-20,1,Vente en l'état futur d'achèvement,269952,75018,75118,Paris 18e Arrondissement,75,Appartement,48,6,
2023-000302,2023-01-05,3,Vente,355728,75018,75118,Paris 18e Arrondissement,75,Appartement,48,6,
2023-000303,2023-04-22,3,Vente en l'état futur d'achèvement,571881,13011,13211,Marseille 11e Arrondissement,13,Appartement,79,5,75
2023-000304,2023-02-25,3,Vente,296641,06000,06088,Nice,06,Maison,193,3,
2023-000305,2023-04-07,3,Echange,295542,59000,59350,Lille,59,Appartement,39,6,37
2023-000306,2023-06-01,2,Vente,513888,59000,59350,Lille,59,Appartement,53,5,
2023-000307,2023-09-01,3,Vente,582330,59000,59350,Lille,59,Appartement,105,2,
2023-000308,2023-10-14,1,Vente,690768,75018,75118,Paris 18e Arrondissement,75,Appartement,117,6,
2023-000309,2023-06-19,1,Vente,614295,69002,69382,Lyon 2e Arrondissement,69,Maison,165,6,
2023-000310,2023-07-15,2,Vente,663375,69002,69382,Lyon 2e Arrondissement,69,Appartement,87,2,82
2023-000311,2023-08-23,3,Vente,346788,13007,13207,Marseille 7e Arrondissement,13,Appartement,38,2,36
2023-000312,2023-03-28,2,Vente,693749,75001,75101,Paris 1er Arrondissement,75,Maison,217,1,206
2023-000313,2023-09-02,2,Vente,308154,44000,44109,Nantes,44,Appartement,69,3,
2023-000314,2023-12-22,3,Vente,730908,75001,75101,Paris 1er Arrondissement,75,Maison,158,5,
2023-000315,2023-08-22,4,Vente,1199096,67000,67482,Strasbourg,67,Local industriel. commercial ou assimilé,296,,
2023-000316,2023-07-26,2,Vente,75738,69002,69382,Lyon 2e Arrondissement,69,Local industriel. commercial ou assimilé,39,,37
2023-000317,2023-12-31,1,Vente,564218,06000,06088,Nice,06,Maison,79,1,75
2023-000318,2023-08-16,2,Vente,331662,75001,75101,Paris 1er Arrondissement,75,Maison,167,2,158
2023-000319,2023-02-21,1,Vente,706784,44000,44109,Nantes,44,Appartement,104,5,
2023-000320,2023-04-13,1,Vente,385929,35000,35238,Rennes,35,Maison,137,2,130
2023-000321,2023-05-01,1,Vente,65160,69002,69382,Lyon 2e Arrondissement,69,Appartement,20,2,19
2023-000322,2023-05-12,1,Vente,548637,75011,75111,Paris 11e Arrondissement,75,Maison,129,4,
2023-000323,2023-07-04,2,Vente en l'état futur d'achèvement,829026,75018,75118,Paris 18e Arrondissement,75,Appartement,106,1,100
2023-000324,2023-11-15,4,Vente,224640,75018,75118,Paris 18e Arrondissement,75,Appartement,54,1,
2023-000325,2023-09-02,1,Vente,749949,33000,33063,Bordeaux,33,Maison,177,2,
2023-000326,2023-08-13,2,Vente,609482,06000,06088,Nice,06,Appartement,43,6,
2023-000327,2023-01-24,2,Vente,234192,33000,33063,Bordeaux,33,Appartement,28,6,26
2023-000328,2023-12-19,3,Vente en l'état futur d'achèvement,425754,44000,44109,Nantes,44,Appartement,109,4,103
2023-000329,2023-10-13,2,Vente,556150,44000,44109,Nantes,44,Appartement,98,4,
2023-000330,2023-05-23,1,Vente,295774,33000,33063,Bordeaux,33,Maison,82,2,
2023-000331,2023-09-13,1,Vente,956248,35000,35238,Rennes,35,Maison,184,4,174
2023-000332,2023-11-13,4,Vente en l'état futur d'achèvement,981417,75001,75101,Paris 1er Arrondissement,75,Appartement,101,6,95
2023-000333,2023-08-21,2,Vente en l'état futur d'achèvement,717526,13007,13207,Marseille 7e Arrondissement,13,Appartement,62,6,
2023-000334,2023-05-30,2,Vente en l'état futur d'achèvement,1290530,13007,13207,Marseille 7e Arrondissement,13,Dépendance,310,,
2023-000335,2023-02-24,3,Vente,361556,67000,67482,Strasbourg,67,Appartement,52,2,
2023-000336,2023-12-11,2,Vente,525825,13011,13211,Marseille 11e Arrondissement,13,Appartement,95,6,90
2023-000337,2023-08-10,2,Vente,1820547,75001,75101,Paris 1er Arrondissement,75,Maison,219,2,
2023-000338,2023-09-16,3,Vente,709113,44000,44109,Nantes,44,Appartement,69,2,
2023-000339,2023-03-10,3,Adjudication,310689,13007,13207,Marseille 7e Arrondissement,13,Appartement,37,5,35
2023-000340,2023-11-16,2,Vente,501840,31000,31555,Toulouse,31,Maison,144,6,136
2023-000341,2023-06-30,3,Vente,684138,59000,59350,Lille,59,Appartement,91,5,86
2023-000342,2023-01-13,2,Vente,320688,13011,13211,Marseille 11e Arrondissement,13,Appartement,68,3,64
2023-000343,2023-12-20,2,Vente,1085280,44000,44109,Nantes,44,Appartement,120,5,114
2023-000344,2023-12-23,3,Vente,272216,31000,31555,Toulouse,31,Appartement,56,6,53
2023-000345,2023-11-14,2,Vente,793305,75001,75101,Paris 1er Arrondissement,75,Maison,183,5,173
2023-000346,2023-12-16,4,Vente,265220,69002,69382,Lyon 2e Arrondissement,69,Maison,89,1,
2023-000347,2023-10-27,1,Vente,256230,69006,69386,Lyon 6e Arrondissement,69,Maison,135,3,128
2023-000348,2023-09-09,2,Vente,986172,44000,44109,Nantes,44,Appartement,93,5,88
2023-000349,2023-08-01,3,Vente,1181831,31000,31555,Toulouse,31,Appartement,89,3,
2023-000350,2023-10-15,2,Vente,496248,35000,35238,Rennes,35,Appartement,116,2,110
2023-000351,2023-02-28,4,Vente en l'état futur d'achèvement,648480,44000,44109,Nantes,44,Maison,168,3,
2023-000352,2023-09-21,1,Vente en l'état futur d'achèvement,192829,69006,69386,Lyon 6e Arrondissement,69,Maison,91,5,86
2023-000353,2023-12-17,1,Vente,323528,69002,69382,Lyon 2e Arrondissement,69,Appartement,74,4,70
2023-000354,2023-01-20,1,Vente,164300,75018,75118,Paris 18e Arrondissement,75,Appartement,31,5,29
2023-000355,2023-08-19,1,Vente en l'état futur d'achèvement,1163600,69002,69382,Lyon 2e Arrondissement,69,Appartement,100,6,95
2023-000356,2023-07-03,1,Vente,340536,06000,06088,Nice,06,Appartement,84,5,
2023-000357,2023-01-16,3,Vente,434240,33000,33063,Bordeaux,33,Appartement,80,5,76
2023-000358,2023-11-28,1,Vente,262506,75018,75118,Paris 18e Arrondissement,75,Appartement,67,1,
2023-000359,2023-02-13,2,Vente,352525,06000,06088,Nice,06,Appartement,59,6,
2023-000360,2023-02-28,4,Vente,155788,69002,69382,Lyon 2e Arrondissement,69,Maison,116,5,110
2023-000361,2023-02-20,1,Vente,905880,75011,75111,Paris 11e Arrondissement,75,Maison,120,3,114
2023-000362,2023-12-04,4,Vente,491656,13007,13207,Marseille 7e Arrondissement,13,Maison,148,3,
2023-000363,2023-11-25,4,Vente,856673,13007,13207,Marseille 7e Arrondissement,13,Maison,181,4,
2023-000364,2023-11-27,2,Vente,371880,69006,69386,Lyon 6e Arrondissement,69,Maison,90,5,
2023-000365,2023-01-10,3,Vente,477401,44000,44109,Nantes,44,Maison,199,1,189
2023-000366,2023-07-07,2,Vente,328160,31000,31555,Toulouse,31,Appartement,70,3,
2023-000367,2023-01-06,2,Vente,460465,31000,31555,Toulouse,31,Maison,131,5,124
2023-000368,2023-09-07,2,Vente en l'état futur d'achèvement,255678,33000,33063,Bordeaux,33,Maison,129,6,122
2023-000369,2023-08-21,3,Vente,115800,35000,35238,Rennes,35,Appartement,25,3,23
2023-000370,2023-07-07,4,Vente,372590,06000,06088,Nice,06,Appartement,95,2,
2023-000371,2023-11-06,2,Vente,105480,67000,67482,Strasbourg,67,Appartement,20,2,
2023-000372,2023-04-28,4,Vente,829840,06000,06088,Nice,06,Maison,176,4,
2023-000373,2023-05-05,2,Vente,135650,75018,75118,Paris 18e Arrondissement,75,Appartement,25,5,
2023-000374,2023-07-27,1,Vente en l'état futur d'achèvement,365664,69006,69386,Lyon 6e Arrondissement,69,Appartement,96,3,
2023-000375,2023-03-29,3,Adjudication,427296,06000,06088,Nice,06,Appartement,48,6,
2023-000376,2023-10-30,2,Vente,136136,44000,44109,Nantes,44,Appartement,28,1,26
2023-000377,2023-11-07,1,Vente,144800,31000,31555,Toulouse,31,Appartement,32,5,
2023-000378,2023-01-01,4,Vente,1481550,44000,44109,Nantes,44,Appartement,119,1,
2023-000379,2023-06-29,3,Vente,333165,35000,35238,Rennes,35,Appartement,95,1,90
2023-000380,2023-12-30,3,Vente,165856,31000,31555,Toulouse,31,Maison,71,2,
2023-000381,2023-05-10,4,Vente,491310,75011,75111,Paris 11e Arrondissement,75,Appartement,53,2,50
2023-000382,2023-10-12,4,Vente,783387,31000,31555,Toulouse,31,Maison,193,6,183
2023-000383,2023-04-28,1,Vente en l'état futur d'achèvement,755504,67000,67482,Strasbourg,67,Maison,184,5,
2023-000384,2023-03-16,1,Vente,1390990,44000,44109,Nantes,44,Maison,190,3,180
2023-000385,2023-11-11,2,Vente,1632645,59000,59350,Lille,59,Dépendance,365,,346
2023-000386,2023-09-23,2,Vente,487536,33000,33063,Bordeaux,33,Appartement,56,5,53
2023-000387,2023-01-01,2,Vente,317680,44000,44109,Nantes,44,Maison,110,5,104
2023-000388,2023-10-09,3,Vente,869400,59000,59350,Lille,59,Local industriel. commercial ou assimilé,175,,
2023-000389,2023-04-10,3,Vente,819156,67000,67482,Strasbourg,67,Appartement,78,1,
2023-000390,2023-10-03,4,Vente,910116,75011,75111,Paris 11e Arrondissement,75,Dépendance,324,,307
2023-000391,2023-12-15,2,Vente,268866,35000,35238,Rennes,35,Appartement,78,2,74
2023-000392,2023-01-05,3,Echange,940997,13011,13211,Marseille 11e Arrondissement,13,Appartement,109,6,
2023-000393,2023-10-21,2,Vente,607476,75018,75118,Paris 18e Arrondissement,75,Maison,138,2,131
2023-000394,2023-05-08,4,Vente,513268,67000,67482,Strasbourg,67,Maison,161,1,152
2023-000395,2023-09-04,3,Vente en l'état futur d'achèvement,930820,35000,35238,Rennes,35,Dépendance,220,,
2023-000396,2023-04-24,1,Vente en l'état futur d'achèvement,1027278,35000,35238,Rennes,35,Maison,217,4,206
2023-000397,2023-08-23,3,Vente en l'état futur d'achèvement,416045,13011,13211,Marseille 11e Arrondissement,13,Appartement,35,1,
2023-000398,2023-05-02,4,Vente,661878,67000,67482,Strasbourg,67,Appartement,54,2,
2023-000399,2023-07-25,3,Vente,953724,13011,13211,Marseille 11e Arrondissement,13,Maison,141,1,133
2023-000400,2023-03-16,2,Vente,762588,31000,31555,Toulouse,31,Maison,108,4,102
2023-000401,2023-06-11,2,Vente,1336920,67000,67482,Strasbourg,67,Appartement,120,6,
2023-000402,2023-02-19,3,Vente,798413,67000,67482,Strasbourg,67,Appartement,77,5,
2023-000403,2023-11-07,4,Vente,309420,13011,13211,Marseille 11e Arrondissement,13,Appartement,45,6,42
2023-000404,2023-03-16,1,Vente,341858,13011,13211,Marseille 11e Arrondissement,13,Appartement,41,4,
2023-000405,2023-05-30,4,Vente,873678,13007,13207,Marseille 7e Arrondissement,13,Maison,138,5,
2023-000406,2023-05-01,1,Vente en l'état futur d'achèvement,351750,75018,75118,Paris 18e Arrondissement,75,Maison,134,1,127
2023-000407,2023-07-23,3,Vente,537744,33000,33063,Bordeaux,33,Maison,204,4,
2023-000408,2023-03-09,4,Vente,601170,59000,59350,Lille,59,Appartement,87,3,
2023-000409,2023-08-16,3,Vente,303056,67000,67482,Strasbourg,67,Maison,104,4,98
2023-000410,2023-08-15,1,Vente,447633,33000,33063,Bordeaux,33,Appartement,59,1,56
2023-000411,2023-08-29,3,Vente en l'état futur d'achèvement,416944,35000,35238,Rennes,35,Maison,206,4,195
2023-000412,2023-07-30,4,Vente,1116333,35000,35238,Rennes,35,Maison,213,6,202
2023-000413,2023-05-03,2,Vente,684044,69002,69382,Lyon 2e Arrondissement,69,Appartement,86,1,
2023-000414,2023-05-20,1,Vente,1686884,75011,75111,Paris 11e Arrondissement,75,Appartement,109,1,
2023-000415,2023-08-13,3,Vente,258552,75011,75111,Paris 11e Arrondissement,75,Maison,72,4,
2023-000416,2023-03-16,2,Vente,384216,35000,35238,Rennes,35,Maison,84,4,
2023-000417,2023-01-07,4,Vente,224018,67000,67482,Strasbourg,67,Maison,101,2,95
2023-000418,2023-08-31,2,Vente,1515522,75011,75111,Paris 11e Arrondissement,75,Dépendance,229,,217
2023-000419,2023-03-04,1,Vente,575796,75001,75101,Paris 1er Arrondissement,75,Appartement,52,2,
2023-000420,2023-05-22,4,Vente,437562,13011,13211,Marseille 11e Arrondissement,13,Maison,219,1,208
2023-000421,2023-03-22,1,Vente,405623,75018,75118,Paris 18e Arrondissement,75,Maison,197,1,
2023-000422,2023-03-06,3,Vente,417872,75018,75118,Paris 18e Arrondissement,75,Appartement,82,6,77
2023-000423,2023-07-13,4,Vente,563339,33000,33063,Bordeaux,33,Maison,161,5,
2023-000424,2023-08-28,3,Vente,514920,75018,75118,Paris 18e Arrondissement,75,Maison,140,3,133
2023-000425,2023-07-14,1,Vente,803769,33000,33063,Bordeaux,33,Appartement,113,3,107
2023-000426,2023-12-16,3,Vente,573664,31000,31555,Toulouse,31,Maison,197,6,
2023-000427,2023-03-08,4,Vente,268525,31000,31555,Toulouse,31,Maison,115,4,109
2023-000428,2023-04-24,1,Vente,231880,59000,59350,Lille,59,Maison,88,4,
2023-000429,2023-08-01,1,Vente,284884,44000,44109,Nantes,44,Appartement,67,3,63
2023-000430,2023-09-30,2,Vente,361560,31000,31555,Toulouse,31,Appartement,69,5,65
2023-000431,2023-11-23,4,Vente,851291,31000,31555,Toulouse,31,Maison,217,2,206
2023-000432,2023-08-15,3,Vente,472710,44000,44109,Nantes,44,Dépendance,210,,
2023-000433,2023-11-08,4,Vente,251700,44000,44109,Nantes,44,Appartement,50,4,47
2023-000434,2023-11-02,1,Vente,220552,75001,75101,Paris 1er Arrondissement,75,Dépendance,38,,
2023-000435,2023-12-20,2,Vente,571200,69002,69382,Lyon 2e Arrondissement,69,Maison,140,5,
2023-000436,2023-10-19,4,Vente,208962,35000,35238,Rennes,35,Appartement,47,2,44
2023-000437,2023-02-18,3,Vente,1075584,59000,59350,Lille,59,Appartement,96,3,91
2023-000438,2023-04-27,3,Vente,494960,13011,13211,Marseille 11e Arrondissement,13,Appartement,115,1,109
2023-000439,2023-09-15,1,Vente,563220,13007,13207,Marseille 7e Arrondissement,13,Maison,126,5,
2023-000440,2023-06-22,3,Vente,645372,69006,69386,Lyon 6e Arrondissement,69,Maison,91,4,
2023-000441,2023-03-11,2,Vente,359154,31000,31555,Toulouse,31,Appartement,81,6,
2023-000442,2023-10-22,2,Vente,206356,69006,69386,Lyon 6e Arrondissement,69,Maison,92,3,
2023-000443,2023-03-28,3,Vente,661440,06000,06088,Nice,06,Appartement,64,6,
2023-000444,2023-01-28,3,Vente en l'état futur d'achèvement,399300,59000,59350,Lille,59,Maison,132,1,125
2023-000445,2023-06-19,2,Vente,293296,75011,75111,Paris 11e Arrondissement,75,Appartement,46,6,43
2023-000446,2023-12-06,3,Vente,420993,44000,44109,Nantes,44,Appartement,87,2,
2023-000447,2023-12-05,4,Echange,639956,44000,44109,Nantes,44,Maison,139,2,132
2023-000448,2023-11-02,1,Vente,441046,59000,59350,Lille,59,Maison,206,4,
2023-000449,2023-03-22,3,Vente,174328,31000,31555,Toulouse,31,Appartement,22,5,20
2023-000450,2023-01-16,2,Vente,806448,44000,44109,Nantes,44,Maison,212,4,
2023-000451,2023-11-17,3,Vente,511139,13011,13211,Marseille 11e Arrondissement,13,Appartement,107,5,
2023-000452,2023-10-05,2,Vente,472747,75018,75118,Paris 18e Arrondissement,75,Maison,121,5,
2023-000453,2023-03-22,2,Vente,226368,35000,35238,Rennes,35,Local industriel. commercial ou assimilé,192,,182
2023-000454,2023-07-30,3,Vente,469160,35000,35238,Rennes,35,Dépendance,185,,
2023-000455,2023-11-10,2,Vente,431112,69002,69382,Lyon 2e Arrondissement,69,Maison,138,4,131
2023-000456,2023-04-05,1,Vente,766521,06000,06088,Nice,06,Appartement,69,2,
2023-000457,2023-04-24,4,Vente en l'état futur d'achèvement,748238,75001,75101,Paris 1er Arrondissement,75,Dépendance,373,,354
2023-000458,2023-07-27,1,Vente,485360,67000,67482,Strasbourg,67,Maison,80,6,76
2023-000459,2023-05-06,2,Vente,1084288,33000,33063,Bordeaux,33,Appartement,86,1,
2023-000460,2023-05-27,2,Vente en l'état futur d'achèvement,471551,13011,13211,Marseille 11e Arrondissement,13,Appartement,79,1,
2023-000461,2023-02-27,2,Vente,225836,44000,44109,Nantes,44,Appartement,43,6,40
2023-000462,2023-12-31,3,Vente,175840,75011,75111,Paris 11e Arrondissement,75,Appartement,40,6,
2023-000463,2023-09-19,2,Vente,513030,59000,59350,Lille,59,Appartement,98,5,
2023-000464,2023-08-03,2,Vente,562506,75018,75118,Paris 18e Arrondissement,75,Appartement,59,3,
2023-000465,2023-05-10,2,Echange,374125,75018,75118,Paris 18e Arrondissement,75,Maison,73,4,
2023-000466,2023-02-10,2,Vente,385152,44000,44109,Nantes,44,Appartement,96,5,
2023-000467,2023-03-16,3,Vente,337740,75018,75118,Paris 18e Arrondissement,75,Maison,78,2,74
2023-000468,2023-10-15,1,Vente,537894,59000,59350,Lille,59,Appartement,42,1,39
2023-000469,2023-02-04,4,Vente,383597,13007,13207,Marseille 7e Arrondissement,13,Maison,179,5,170
2023-000470,2023-10-20,3,Vente,493025,59000,59350,Lille,59,Maison,205,6,
2023-000471,2023-11-16,2,Vente,328055,67000,67482,Strasbourg,67,Appartement,65,2,61
2023-000472,2023-11-17,1,Vente,301400,69002,69382,Lyon 2e Arrondissement,69,Maison,100,4,
2023-000473,2023-11-24,1,Vente,543411,31000,31555,Toulouse,31,Maison,121,1,114
2023-000474,2023-01-15,4,Vente,268968,13007,13207,Marseille 7e Arrondissement,13,Appartement,42,6,39
2023-000475,2023-03-21,3,Vente,571285,35000,35238,Rennes,35,Maison,187,5,177
2023-000476,2023-04-17,1,Vente,851415,44000,44109,Nantes,44,Appartement,93,3,88
2023-000477,2023-07-12,3,Vente en l'état futur d'achèvement,604610,69006,69386,Lyon 6e Arrondissement,69,Maison,206,3,195
2023-000478,2023-05-02,3,Vente,741958,69006,69386,Lyon 6e Arrondissement,69,Appartement,67,5,
2023-000479,2023-02-17,3,Vente,339948,13007,13207,Marseille 7e Arrondissement,13,Appartement,76,4,72
2023-000480,2023-09-22,1,Vente,226291,75018,75118,Paris 18e Arrondissement,75,Maison,103,6,
2023-000481,2023-02-14,3,Vente,791926,75001,75101,Paris 1er Arrondissement,75,Appartement,62,1,58
2023-000482,2023-05-22,2,Vente,876942,69002,69382,Lyon 2e Arrondissement,69,Maison,206,3,
2023-000483,2023-09-21,2,Vente,154572,75011,75111,Paris 11e Arrondissement,75,Appartement,33,3,
2023-000484,2023-08-16,1,Vente,269698,69006,69386,Lyon 6e Arrondissement,69,Maison,82,1,
2023-000485,2023-11-02,1,Vente,722752,75011,75111,Paris 11e Arrondissement,75,Maison,184,5,174
2023-000486,2023-02-17,4,Vente,1709120,35000,35238,Rennes,35,Appartement,109,6,
2023-000487,2023-05-13,4,Vente,921360,69002,69382,Lyon 2e Arrondissement,69,Appartement,66,3,
2023-000488,2023-08-25,1,Vente,695176,75011,75111,Paris 11e Arrondissement,75,Maison,113,2,
2023-000489,2023-11-29,2,Vente,325336,59000,59350,Lille,59,Maison,88,5,83
2023-000490,2023-12-22,2,Vente,1126440,13011,13211,Marseille 11e Arrondissement,13,Maison,180,6,
2023-000491,2023-10-21,2,Vente,464256,44000,44109,Nantes,44,Local industriel. commercial ou assimilé,279,,
2023-000492,2023-11-02,2,Vente,668835,13011,13211,Marseille 11e Arrondissement,13,Maison,167,1,158
2023-000493,2023-01-01,2,Vente en l'état futur d'achèvement,622804,06000,06088,Nice,06,Appartement,116,4,
2023-000494,2023-12-14,1,Vente,579362,13007,13207,Marseille 7e Arrondissement,13,Appartement,58,1,55
2023-000495,2023-05-31,1,Vente,0,31000,31555,Toulouse,31,Maison,85,3,80
2023-000496,2023-10-30,2,Vente,431410,67000,67482,Strasbourg,67,Appartement,70,4,66
2023-000497,2023-07-04,1,Vente,399675,33000,33063,Bordeaux,33,Appartement,73,6,
2023-000498,2023-03-11,4,Vente,197757,33000,33063,Bordeaux,33,Dépendance,73,,69
2023-000499,2023-04-03,1,Vente,761514,59000,59350,Lille,59,Appartement,78,5,74
2023-000500,2023-05-18,3,Vente,573264,67000,67482,Strasbourg,67,Appartement,72,4,
2023-000501,2023-09-27,1,Echange,716703,33000,33063,Bordeaux,33,Maison,141,6,133
2023-000502,2023-01-28,3,Vente,337236,31000,31555,Toulouse,31,Maison,157,4,
2023-000503,2023-12-22,1,Vente,786303,35000,35238,Rennes,35,Maison,147,3,
2023-000504,2023-05-23,1,Vente,504912,75011,75111,Paris 11e Arrondissement,75,Maison,134,3,127
2023-000505,2023-03-19,1,Vente,1152632,06000,06088,Nice,06,Appartement,104,2,
2023-000506,2023-03-20,2,Echange,1077257,75011,75111,Paris 11e Arrondissement,75,Appartement,83,4,
2023-000507,2023-05-16,2,Vente en l'état futur d'achèvement,237303,59000,59350,Lille,59,Maison,99,5,
2023-000508,2023-09-29,3,Vente,461007,59000,59350,Lille,59,Maison,181,4,171
2023-000509,2023-09-30,3,Echange,830880,44000,44109,Nantes,44,Maison,160,1,152
2023-000510,2023-05-04,3,Vente,564435,13011,13211,Marseille 11e Arrondissement,13,Appartement,113,2,107
2023-000511,2023-07-30,1,Vente,195130,44000,44109,Nantes,44,Maison,95,1,90
2023-000512,2023-04-22,2,Vente en l'état futur d'achèvement,324864,75001,75101,Paris 1er Arrondissement,75,Appartement,96,5,
2023-000513,2023-04-05,4,Vente en l'état futur d'achèvement,203116,35000,35238,Rennes,35,Appartement,34,3,32
2023-000514,2023-03-24,1,Vente,475904,44000,44109,Nantes,44,Maison,88,3,
2023-000515,2023-09-09,1,Vente,589140,67000,67482,Strasbourg,67,Appartement,45,2,42
2023-000516,2023-02-06,2,Vente,1155384,59000,59350,Lille,59,Maison,216,4,205
2023-000517,2023-05-17,4,Vente en l'état futur d'achèvement,395889,75001,75101,Paris 1er Arrondissement,75,Appartement,39,4,
2023-000518,2023-02-05,1,Vente,0,67000,67482,Strasbourg,67,Appartement,89,4,84
2023-000519,2023-01-29,2,Vente,231105,13007,13207,Marseille 7e Arrondissement,13,Maison,93,3,
2023-000520,2023-06-03,4,Echange,1178508,75001,75101,Paris 1er Arrondissement,75,Appartement,109,3,
2023-000521,2023-01-19,3,Vente,249781,44000,44109,Nantes,44,Maison,119,5,
2023-000522,2023-01-09,1,Vente,109872,67000,67482,Strasbourg,67,Dépendance,48,,
2023-000523,2023-08-23,1,Vente,631230,69002,69382,Lyon 2e Arrondissement,69,Appartement,106,4,
2023-000524,2023-03-08,4,Vente,109494,06000,06088,Nice,06,Appartement,21,1,19
2023-000525,2023-02-24,4,Vente,323986,67000,67482,Strasbourg,67,Appartement,34,3,
2023-000526,2023-04-20,4,Vente,243810,44000,44109,Nantes,44,Maison,81,2,
2023-000527,2023-10-25,4,Vente,192350,13007,13207,Marseille 7e Arrondissement,13,Appartement,25,1,
2023-000528,2023-11-30,2,Vente,1112286,75001,75101,Paris 1er Arrondissement,75,Maison,142,4,
2023-000529,2023-05-03,3,Vente,128436,44000,44109,Nantes,44,Appartement,42,3,
2023-000530,2023-09-29,2,Vente,354098,31000,31555,Toulouse,31,Maison,94,5,
2023-000531,2023-04-10,1,Vente,278712,44000,44109,Nantes,44,Maison,98,6,
2023-000532,2023-06-21,2,Vente,664538,13007,13207,Marseille 7e Arrondissement,13,Appartement,98,5,
2023-000533,2023-05-01,3,Vente,608658,75001,75101,Paris 1er Arrondissement,75,Maison,183,1,
2023-000534,2023-07-12,2,Vente,219888,69002,69382,Lyon 2e Arrondissement,69,Appartement,48,4,
2023-000535,2023-03-11,1,Vente,437767,06000,06088,Nice,06,Maison,187,6,
2023-000536,2023-03-29,2,Vente en l'état futur d'achèvement,634725,75011,75111,Paris 11e Arrondissement,75,Appartement,117,2,111
2023-000537,2023-09-25,2,Vente en l'état futur d'achèvement,486135,31000,31555,Toulouse,31,Maison,195,6,
2023-000538,2023-10-30,1,Vente,126867,13011,13211,Marseille 11e Arrondissement,13,Appartement,39,4,
2023-000539,2023-02-20,2,Vente,936628,13011,13211,Marseille 11e Arrondissement,13,Appartement,77,2,
2023-000540,2023-09-03,1,Vente,636992,69002,69382,Lyon 2e Arrondissement,69,Maison,148,6,140
2023-000541,2023-07-27,3,Vente,0,33000,33063,Bordeaux,33,Appartement,43,4,40
2023-000542,2023-11-10,1,Vente,581776,69006,69386,Lyon 6e Arrondissement,69,Maison,208,3,197
2023-000543,2023-07-16,2,Vente,926166,44000,44109,Nantes,44,Maison,163,1,
2023-000544,2023-09-02,3,Vente,673620,13007,13207,Marseille 7e Arrondissement,13,Maison,218,3,207
2023-000545,2023-02-02,3,Vente,591690,31000,31555,Toulouse,31,Maison,165,5,
2023-000546,2023-02-03,2,Vente,401562,13007,13207,Marseille 7e Arrondissement,13,Local industriel. commercial ou assimilé,126,,
2023-000547,2023-12-23,2,Vente,744934,75011,75111,Paris 11e Arrondissement,75,Maison,107,4,
2023-000548,2023-05-30,3,Vente,193336,13011,13211,Marseille 11e Arrondissement,13,Appartement,44,5,
2023-000549,2023-09-06,2,Vente,883595,13007,13207,Marseille 7e Arrondissement,13,Appartement,95,3,
2023-000550,2023-06-30,3,Vente,978948,69006,69386,Lyon 6e Arrondissement,69,Maison,142,2,
2023-000551,2023-12-08,3,Vente en l'état futur d'achèvement,234897,75018,75118,Paris 18e Arrondissement,75,Appartement,39,3,
2023-000552,2023-06-26,3,Vente,339796,31000,31555,Toulouse,31,Appartement,38,5,
2023-000553,2023-03-16,3,Vente,838968,75001,75101,Paris 1er Arrondissement,75,Appartement,78,6,
2023-000554,2023-10-21,3,Echange,879585,69006,69386,Lyon 6e Arrondissement,69,Appartement,105,4,99
2023-000555,2023-12-14,3,Vente,433816,59000,59350,Lille,59,Maison,211,1,
2023-000556,2023-05-23,1,Vente,210645,44000,44109,Nantes,44,Appartement,45,6,42
2023-000557,2023-11-06,4,Vente,502800,13011,13211,Marseille 11e Arrondissement,13,Maison,200,3,
2023-000558,2023-08-17,4,Vente,425148,69006,69386,Lyon 6e Arrondissement,69,Maison,213,6,202
2023-000559,2023-08-06,3,Vente,1563581,69006,69386,Lyon 6e Arrondissement,69,Appartement,113,4,
2023-000560,2023-07-29,2,Vente,1069744,06000,06088,Nice,06,Maison,139,5,
2023-000561,2023-01-22,3,Vente,347420,67000,67482,Strasbourg,67,Appartement,58,2,
2023-000562,2023-12-01,2,Vente en l'état futur d'achèvement,902265,44000,44109,Nantes,44,Appartement,105,6,
2023-000563,2023-02-04,4,Vente,1456224,35000,35238,Rennes,35,Dépendance,336,,319
2023-000564,2023-10-22,4,Vente,216392,67000,67482,Strasbourg,67,Appartement,22,3,20
2023-000565,2023-07-04,2,Vente,909957,75018,75118,Paris 18e Arrondissement,75,Maison,177,2,168
2023-000566,2023-06-11,1,Vente,950374,06000,06088,Nice,06,Appartement,107,3,101
2023-000567,2023-09-23,2,Vente en l'état futur d'achèvement,660300,13007,13207,Marseille 7e Arrondissement,13,Maison,142,2,134
2023-000568,2023-11-11,2,Vente,353160,67000,67482,Strasbourg,67,Appartement,108,1,102
2023-000569,2023-03-13,2,Vente,692512,33000,33063,Bordeaux,33,Appartement,76,2,72
2023-000570,2023-02-10,1,Vente,444644,69006,69386,Lyon 6e Arrondissement,69,Maison,178,4,
2023-000571,2023-01-31,1,Vente,334320,75001,75101,Paris 1er Arrondissement,75,Appartement,80,1,76
2023-000572,2023-12-10,3,Vente,339465,69002,69382,Lyon 2e Arrondissement,69,Maison,159,3,
2023-000573,2023-05-04,3,Vente,400512,67000,67482,Strasbourg,67,Appartement,84,2,
2023-000574,2023-02-20,2,Vente,790771,35000,35238,Rennes,35,Dépendance,139,,
2023-000575,2023-07-14,1,Vente,508546,75011,75111,Paris 11e Arrondissement,75,Maison,178,4,169
2023-000576,2023-10-13,3,Vente,440608,33000,33063,Bordeaux,33,Appartement,112,4,
2023-000577,2023-08-16,4,Vente,409190,59000,59350,Lille,59,Dépendance,145,,137
2023-000578,2023-09-09,1,Vente,962302,13007,13207,Marseille 7e Arrondissement,13,Dépendance,374,,
2023-000579,2023-02-22,1,Vente,991458,13011,13211,Marseille 11e Arrondissement,13,Appartement,114,4,
2023-000580,2023-10-25,4,Vente,1078362,13011,13211,Marseille 11e Arrondissement,13,Maison,139,4,132
2023-000581,2023-05-09,4,Vente,1333020,75018,75118,Paris 18e Arrondissement,75,Maison,195,1,185
2023-000582,2023-03-20,4,Vente,331006,75018,75118,Paris 18e Arrondissement,75,Appartement,58,5,55
2023-000583,2023-09-16,1,Vente,487388,69002,69382,Lyon 2e Arrondissement,69,Appartement,53,4,
2023-000584,2023-01-19,2,Vente en l'état futur d'achèvement,113904,13007,13207,Marseille 7e Arrondissement,13,Appartement,24,3,
2023-000585,2023-02-26,1,Vente,1192605,75018,75118,Paris 18e Arrondissement,75,Maison,215,2,
2023-000586,2023-12-13,2,Vente,553440,33000,33063,Bordeaux,33,Maison,160,1,152
2023-000587,2023-11-17,2,Vente,858501,13007,13207,Marseille 7e Arrondissement,13,Appartement,63,6,
2023-000588,2023-12-19,3,Vente,423722,44000,44109,Nantes,44,Maison,86,5,
2023-000589,2023-08-04,3,Vente en l'état futur d'achèvement,198720,44000,44109,Nantes,44,Appartement,54,4,51
2023-000590,2023-04-16,2,Vente,585081,35000,35238,Rennes,35,Appartement,63,3,59
2023-000591,2023-11-22,1,Echange,307406,13007,13207,Marseille 7e Arrondissement,13,Maison,89,2,84
2023-000592,2023-02-04,3,Vente,1473825,06000,06088,Nice,06,Maison,215,1,204
2023-000593,2023-04-13,2,Vente,874467,69006,69386,Lyon 6e Arrondissement,69,Appartement,73,1,69
2023-000594,2023-08-28,2,Vente,788346,69002,69382,Lyon 2e Arrondissement,69,Appartement,54,1,
2023-000595,2023-06-03,3,Vente,772425,75018,75118,Paris 18e Arrondissement,75,Appartement,75,4,71
2023-000596,2023-05-01,3,Vente,557137,44000,44109,Nantes,44,Appartement,71,2,
2023-000597,2023-01-19,2,Adjudication,268290,31000,31555,Toulouse,31,Appartement,45,5,42
2023-000598,2023-01-11,4,Echange,112671,75001,75101,Paris 1er Arrondissement,75,Appartement,27,1,25
2023-000599,2023-03-13,3,Vente,231270,44000,44109,Nantes,44,Maison,130,5,
2023-000600,2023-06-10,2,Vente,909370,75011,75111,Paris 11e Arrondissement,75,Maison,154,4,
2023-000601,2023-07-29,4,Vente,245160,75018,75118,Paris 18e Arrondissement,75,Maison,135,4,128
2023-000602,2023-07-05,1,Vente en l'état futur d'achèvement,1379196,69006,69386,Lyon 6e Arrondissement,69,Local industriel. commercial ou assimilé,273,,259
2023-000603,2023-12-10,1,Vente,503171,44000,44109,Nantes,44,Maison,131,6,124
2023-000604,2023-07-21,3,Vente en l'état futur d'achèvement,576855,69002,69382,Lyon 2e Arrondissement,69,Maison,135,2,
2023-000605,2023-11-26,4,Vente en l'état futur d'achèvement,284760,75018,75118,Paris 18e Arrondissement,75,Appartement,72,6,68
2023-000606,2023-02-21,3,Vente,364720,13007,13207,Marseille 7e Arrondissement,13,Appartement,40,5,
2023-000607,2023-04-05,1,Vente,1229700,75001,75101,Paris 1er Arrondissement,75,Appartement,100,3,
2023-000608,2023-11-29,3,Vente,434784,69002,69382,Lyon 2e Arrondissement,69,Dépendance,96,,
2023-000609,2023-12-18,2,Vente,729045,67000,67482,Strasbourg,67,Maison,153,5,
2023-000610,2023-11-17,2,Vente en l'état futur d'achèvement,230594,75001,75101,Paris 1er Arrondissement,75,Appartement,49,6,
2023-000611,2023-02-15,4,Vente,622708,06000,06088,Nice,06,Maison,164,4,
2023-000612,2023-05-17,2,Vente,858981,59000,59350,Lille,59,Local industriel. commercial ou assimilé,177,,168
2023-000613,2023-08-03,2,Vente,521891,67000,67482,Strasbourg,67,Appartement,43,4,
2023-000614,2023-08-29,4,Vente,448344,44000,44109,Nantes,44,Maison,104,2,98
2023-000615,2023-10-13,1,Vente,174675,59000,59350,Lille,59,Maison,85,6,
2023-000616,2023-07-22,2,Vente,639436,31000,31555,Toulouse,31,Maison,164,5,
2023-000617,2023-08-28,2,Vente,206000,31000,31555,Toulouse,31,Maison,103,1,
2023-000618,2023-08-09,3,Vente,767936,67000,67482,Strasbourg,67,Maison,142,3,
2023-000619,2023-03-19,2,Vente,1370924,75018,75118,Paris 18e Arrondissement,75,Dépendance,314,,
2023-000620,2023-03-01,4,Vente,283279,69006,69386,Lyon 6e Arrondissement,69,Appartement,83,5,
2023-000621,2023-03-05,2,Vente en l'état futur d'achèvement,266752,75011,75111,Paris 11e Arrondissement,75,Appartement,64,3,60
2023-000622,2023-08-02,1,Vente,198505,75001,75101,Paris 1er Arrondissement,75,Appartement,29,3,
2023-000623,2023-02-24,3,Vente,636576,44000,44109,Nantes,44,Maison,152,6,144
2023-000624,2023-11-15,2,Vente,862470,75001,75101,Paris 1er Arrondissement,75,Maison,185,5,
2023-000625,2023-01-29,1,Vente,638000,75001,75101,Paris 1er Arrondissement,75,Maison,88,4,
2023-000626,2023-05-26,3,Vente,658410,69002,69382,Lyon 2e Arrondissement,69,Appartement,102,4,96
2023-000627,2023-07-08,1,Vente,319260,06000,06088,Nice,06,Appartement,85,4,80
2023-000628,2023-11-19,2,Vente,403287,35000,35238,Rennes,35,Maison,179,4,170
2023-000629,2023-11-19,2,Vente,388008,59000,59350,Lille,59,Appartement,102,2,96
2023-000630,2023-06-01,1,Vente en l'état futur d'achèvement,436724,69006,69386,Lyon 6e Arrondissement,69,Appartement,92,5,87
2023-000631,2023-10-19,4,Vente,440960,13011,13211,Marseille 11e Arrondissement,13,Appartement,52,6,
2023-000632,2023-08-02,4,Vente en l'état futur d'achèvement,705764,75018,75118,Paris 18e Arrondissement,75,Maison,146,6,138
2023-000633,2023-04-06,4,Vente,400200,69006,69386,Lyon 6e Arrondissement,69,Local industriel. commercial ou assimilé,138,,131
2023-000634,2023-12-02,4,Vente,1548864,75001,75101,Paris 1er Arrondissement,75,Maison,192,6,
2023-000635,2023-12-11,2,Adjudication,832941,67000,67482,Strasbourg,67,Maison,171,6,162
2023-000636,2023-05-04,4,Vente,665537,69002,69382,Lyon 2e Arrondissement,69,Maison,181,2,
2023-000637,2023-12-26,4,Vente,771711,75011,75111,Paris 11e Arrondissement,75,Maison,183,5,
2023-000638,2023-08-10,3,Vente,931626,75001,75101,Paris 1er Arrondissement,75,Appartement,73,5,
2023-000639,2023-11-10,1,Vente,1281116,13011,13211,Marseille 11e Arrondissement,13,Appartement,106,5,
2023-000640,2023-09-11,3,Vente,894663,44000,44109,Nantes,44,Appartement,99,2,94
2023-000641,2023-04-23,4,Vente,1297780,33000,33063,Bordeaux,33,Maison,220,3,209
2023-000642,2023-07-04,1,Echange,400000,67000,67482,Strasbourg,67,Appartement,80,6,76
2023-000643,2023-09-09,3,Vente,738910,75018,75118,Paris 18e Arrondissement,75,Maison,95,1,90
2023-000644,2023-09-15,1,Vente,158964,13007,13207,Marseille 7e Arrondissement,13,Maison,78,2,74
2023-000645,2023-07-01,1,Vente,466722,33000,33063,Bordeaux,33,Maison,81,1,76
2023-000646,2023-02-26,1,Vente,330120,33000,33063,Bordeaux,33,Dépendance,84,,79
2023-000647,2023-03-02,1,Vente,594262,75001,75101,Paris 1er Arrondissement,75,Maison,122,6,
2023-000648,2023-04-14,3,Vente,1330602,13007,13207,Marseille 7e Arrondissement,13,Maison,182,4,
2023-000649,2023-08-01,4,Vente,665982,75018,75118,Paris 18e Arrondissement,75,Maison,162,4,153
2023-000650,2023-12-16,1,Echange,328746,33000,33063,Bordeaux,33,Appartement,66,6,
2023-000651,2023-08-11,3,Vente,328941,13007,13207,Marseille 7e Arrondissement,13,Appartement,27,1,
2023-000652,2023-06-10,2,Vente,188352,44000,44109,Nantes,44,Appartement,64,5,60
2023-000653,2023-11-16,3,Vente,1264320,33000,33063,Bordeaux,33,Appartement,120,2,
2023-000654,2023-03-06,3,Vente,470678,31000,31555,Toulouse,31,Appartement,86,3,81
2023-000655,2023-10-04,1,Vente,821085,75018,75118,Paris 18e Arrondissement,75,Appartement,95,1,90
2023-000656,2023-01-25,3,Vente,860015,69006,69386,Lyon 6e Arrondissement,69,Maison,101,4,95
2023-000657,2023-11-18,2,Vente,575295,35000,35238,Rennes,35,Appartement,105,6,99
2023-000658,2023-09-22,2,Vente,857604,31000,31555,Toulouse,31,Maison,219,1,208
2023-000659,2023-08-06,4,Vente,680109,67000,67482,Strasbourg,67,Maison,103,5,97
2023-000660,2023-08-14,2,Vente,1387692,06000,06088,Nice,06,Appartement,108,2,102
2023-000661,2023-12-27,3,Vente,412050,33000,33063,Bordeaux,33,Maison,201,5,190
2023-000662,2023-03-03,3,Vente,463238,75011,75111,Paris 11e Arrondissement,75,Appartement,67,3,63
2023-000663,2023-03-15,4,Vente,939690,69006,69386,Lyon 6e Arrondissement,69,Maison,106,6,
2023-000664,2023-08-02,4,Vente,767556,31000,31555,Toulouse,31,Appartement,81,4,76
2023-000665,2023-09-16,4,Vente,1235634,67000,67482,Strasbourg,67,Appartement,101,1,
2023-000666,2023-12-10,1,Vente,604083,13011,13211,Marseille 11e Arrondissement,13,Maison,183,6,173
2023-000667,2023-11-27,2,Vente,241794,35000,35238,Rennes,35,Maison,101,5,95
2023-000668,2023-09-30,4,Vente en l'état futur d'achèvement,314824,31000,31555,Toulouse,31,Maison,116,6,
2023-000669,2023-01-24,3,Vente,307992,31000,31555,Toulouse,31,Appartement,82,4,
2023-000670,2023-04-04,2,Vente,325485,75011,75111,Paris 11e Arrondissement,75,Maison,135,6,
2023-000671,2023-06-02,1,Vente,254127,13007,13207,Marseille 7e Arrondissement,13,Appartement,69,1,
2023-000672,2023-09-18,4,Vente,1510808,35000,35238,Rennes,35,Maison,199,3,189
2023-000673,2023-04-30,2,Vente,144826,75011,75111,Paris 11e Arrondissement,75,Appartement,22,6,
2023-000674,2023-09-14,4,Vente,253966,13011,13211,Marseille 11e Arrondissement,13,Appartement,46,2,43
2023-000675,2023-08-26,4,Vente,715104,31000,31555,Toulouse,31,Maison,144,6,136
2023-000676,2023-09-19,3,Vente,224280,67000,67482,Strasbourg,67,Appartement,56,1,
2023-000677,2023-10-12,3,Vente,964017,59000,59350,Lille,59,Maison,141,3,133
2023-000678,2023-06-14,2,Vente,663168,59000,59350,Lille,59,Maison,157,1,149
2023-000679,2023-01-05,1,Vente,547542,75001,75101,Paris 1er Arrondissement,75,Maison,114,1,108
2023-000680,2023-03-05,1,Vente,705510,67000,67482,Strasbourg,67,Appartement,65,2,
2023-000681,2023-04-24,3,Vente en l'état futur d'achèvement,466555,13007,13207,Marseille 7e Arrondissement,13,Appartement,115,5,109
2023-000682,2023-07-05,2,Vente,148584,69002,69382,Lyon 2e Arrondissement,69,Appartement,24,5,
2023-000683,2023-05-23,2,Vente,1476405,67000,67482,Strasbourg,67,Maison,215,5,
2023-000684,2023-10-19,3,Vente,635648,75018,75118,Paris 18e Arrondissement,75,Maison,128,6,121
2023-000685,2023-12-11,4,Vente,451758,33000,33063,Bordeaux,33,Appartement,103,1,
2023-000686,2023-04-25,1,Vente,193076,31000,31555,Toulouse,31,Appartement,26,3,
2023-000687,2023-01-13,3,Vente,812022,13007,13207,Marseille 7e Arrondissement,13,Appartement,114,2,
2023-000688,2023-08-10,2,Vente,333108,44000,44109,Nantes,44,Maison,76,4,72
2023-000689,2023-05-02,1,Vente,584760,67000,67482,Strasbourg,67,Maison,88,1,
2023-000690,2023-02-01,1,Vente,227620,67000,67482,Strasbourg,67,Appartement,76,1,72
2023-000691,2023-07-25,4,Vente,393888,31000,31555,Toulouse,31,Appartement,32,4,30
2023-000692,2023-12-12,1,Vente,613624,06000,06088,Nice,06,Maison,76,1,
2023-000693,2023-04-10,2,Vente,507687,59000,59350,Lille,59,Appartement,93,4,
2023-000694,2023-10-27,2,Vente,728706,35000,35238,Rennes,35,Maison,181,2,
2023-000695,2023-01-05,3,Vente,848602,06000,06088,Nice,06,Maison,202,4,
2023-000696,2023-02-05,3,Vente,590948,69002,69382,Lyon 2e Arrondissement,69,Maison,157,4,149
2023-000697,2023-08-03,2,Echange,480190,06000,06088,Nice,06,Appartement,62,1,58
2023-000698,2023-06-19,3,Vente,711808,33000,33063,Bordeaux,33,Maison,166,1,
2023-000699,2023-05-29,2,Vente,465192,13007,13207,Marseille 7e Arrondissement,13,Maison,182,2,
2023-000700,2023-06-23,1,Vente en l'état futur d'achèvement,382230,69002,69382,Lyon 2e Arrondissement,69,Appartement,90,3,
2023-000701,2023-02-26,4,Vente,360864,44000,44109,Nantes,44,Appartement,63,5,59
2023-000702,2023-03-08,4,Vente,297088,75011,75111,Paris 11e Arrondissement,75,Appartement,44,3,41
2023-000703,2023-10-28,4,Vente en l'état futur d'achèvement,388740,69002,69382,Lyon 2e Arrondissement,69,Appartement,44,2,
2023-000704,2023-11-11,3,Vente,141876,75011,75111,Paris 11e Arrondissement,75,Appartement,28,6,
2023-000705,2023-09-27,1,Vente,1237572,33000,33063,Bordeaux,33,Appartement,108,5,
2023-000706,2023-04-22,3,Vente,764272,69002,69382,Lyon 2e Arrondissement,69,Maison,148,3,140
2023-000707,2023-09-23,4,Vente,462400,75018,75118,Paris 18e Arrondissement,75,Maison,160,4,
2023-000708,2023-01-13,1,Vente,671600,35000,35238,Rennes,35,Maison,115,3,
2023-000709,2023-05-22,3,Vente,220500,31000,31555,Toulouse,31,Appartement,49,6,
2023-000710,2023-05-21,3,Vente,294448,59000,59350,Lille,59,Appartement,44,6,
2023-000711,2023-07-26,2,Vente,299636,69006,69386,Lyon 6e Arrondissement,69,Maison,173,4,
2023-000712,2023-10-28,3,Vente,1423195,59000,59350,Lille,59,Maison,211,1,200
2023-000713,2023-04-18,1,Vente,936396,13011,13211,Marseille 11e Arrondissement,13,Appartement,76,3,
2023-000714,2023-08-03,3,Vente en l'état futur d'achèvement,1115882,44000,44109,Nantes,44,Maison,178,3,169
2023-000715,2023-03-20,4,Vente,828039,06000,06088,Nice,06,Local industriel. commercial ou assimilé,199,,
2023-000716,2023-09-01,1,Vente,358706,13011,13211,Marseille 11e Arrondissement,13,Maison,97,3,
2023-000717,2023-12-19,3,Vente,440310,44000,44109,Nantes,44,Maison,195,2,185
2023-000718,2023-01-06,1,Vente,540479,75011,75111,Paris 11e Arrondissement,75,Maison,113,2,
2023-000719,2023-04-16,3,Vente,316519,13011,13211,Marseille 11e Arrondissement,13,Maison,103,5,97
2023-000720,2023-04-14,2,Vente,157080,31000,31555,Toulouse,31,Appartement,20,5,19
2023-000721,2023-10-22,3,Vente en l'état futur d'achèvement,91225,06000,06088,Nice,06,Appartement,25,6,
2023-000722,2023-05-08,1,Vente,1017175,67000,67482,Strasbourg,67,Maison,115,2,
2023-000723,2023-05-21,4,Vente,821500,75001,75101,Paris 1er Arrondissement,75,Appartement,100,4,95
2023-000724,2023-02-23,1,Vente,843561,31000,31555,Toulouse,31,Maison,199,2,
2023-000725,2023-08-25,2,Vente,572764,75011,75111,Paris 11e Arrondissement,75,Appartement,68,1,
2023-000726,2023-02-12,3,Vente,348750,59000,59350,Lille,59,Appartement,90,4,85
2023-000727,2023-04-01,3,Vente en l'état futur d'achèvement,188100,75018,75118,Paris 18e Arrondissement,75,Appartement,57,6,
2023-000728,2023-12-12,1,Vente,507496,13007,13207,Marseille 7e Arrondissement,13,Appartement,88,6,
2023-000729,2023-01-25,1,Vente,1478776,69006,69386,Lyon 6e Arrondissement,69,Appartement,118,1,
2023-000730,2023-12-09,2,Vente,177160,75001,75101,Paris 1er Arrondissement,75,Maison,86,6,81
2023-000731,2023-06-17,2,Vente,373616,75001,75101,Paris 1er Arrondissement,75,Maison,152,2,
2023-000732,2023-06-11,3,Vente,177282,13007,13207,Marseille 7e Arrondissement,13,Appartement,21,6,19
2023-000733,2023-07-30,2,Vente,753710,13007,13207,Marseille 7e Arrondissement,13,Appartement,58,5,
2023-000734,2023-12-23,2,Vente,1129740,75011,75111,Paris 11e Arrondissement,75,Dépendance,228,,
2023-000735,2023-12-08,2,Vente,283257,44000,44109,Nantes,44,Appartement,81,6,76
2023-000736,2023-11-12,1,Adjudication,550854,59000,59350,Lille,59,Maison,101,2,
2023-000737,2023-07-12,2,Vente,274134,13007,13207,Marseille 7e Arrondissement,13,Maison,122,3,
2023-000738,2023-08-01,2,Vente,405262,44000,44109,Nantes,44,Maison,143,3,
2023-000739,2023-05-08,1,Vente en l'état futur d'achèvement,553832,75001,75101,Paris 1er Arrondissement,75,Appartement,107,1,101
2023-000740,2023-03-14,2,Echange,379664,75011,75111,Paris 11e Arrondissement,75,Maison,122,2,115
2023-000741,2023-04-12,2,Vente,910008,13011,13211,Marseille 11e Arrondissement,13,Maison,132,6,
2023-000742,2023-07-04,4,Vente,784045,35000,35238,Rennes,35,Dépendance,233,,221
2023-000743,2023-07-15,2,Echange,302660,67000,67482,Strasbourg,67,Appartement,74,6,
2023-000744,2023-10-15,2,Vente,252251,33000,33063,Bordeaux,33,Maison,193,2,183
2023-000745,2023-07-11,3,Vente,1359478,75001,75101,Paris 1er Arrondissement,75,Appartement,82,4,77
2023-000746,2023-03-05,3,Vente,334305,06000,06088,Nice,06,Appartement,69,3,65
2023-000747,2023-01-30,1,Vente,1078728,33000,33063,Bordeaux,33,Maison,168,6,159
2023-000748,2023-12-15,2,Vente,279832,44000,44109,Nantes,44,Appartement,38,6,
2023-000749,2023-07-16,3,Vente,247590,35000,35238,Rennes,35,Appartement,70,3,66
2023-000750,2023-06-07,2,Vente,379750,31000,31555,Toulouse,31,Maison,175,3,
2023-000751,2023-06-07,4,Vente en l'état futur d'achèvement,249494,69002,69382,Lyon 2e Arrondissement,69,Maison,71,5,67
2023-000752,2023-04-06,4,Vente,360568,59000,59350,Lille,59,Maison,104,1,98
2023-000753,2023-04-04,2,Vente,729589,69002,69382,Lyon 2e Arrondissement,69,Maison,119,1,
2023-000754,2023-06-25,1,Vente,258951,75011,75111,Paris 11e Arrondissement,75,Maison,77,1,
2023-000755,2023-01-22,4,Echange,187840,35000,35238,Rennes,35,Appartement,32,3,
2023-000756,2023-12-16,4,Vente,704302,13007,13207,Marseille 7e Arrondissement,13,Maison,157,6,
2023-000757,2023-02-21,1,Adjudication,270080,75001,75101,Paris 1er Arrondissement,75,Appartement,20,1,19
2023-000758,2023-05-08,4,Echange,697336,69006,69386,Lyon 6e Arrondissement,69,Appartement,67,4,63
2023-000759,2023-06-14,4,Adjudication,183312,75001,75101,Paris 1er Arrondissement,75,Dépendance,38,,
2023-000760,2023-02-11,1,Vente,800512,33000,33063,Bordeaux,33,Appartement,64,4,60
2023-000761,2023-09-24,4,Vente,454956,69006,69386,Lyon 6e Arrondissement,69,Appartement,93,5,
2023-000762,2023-10-04,1,Echange,369350,33000,33063,Bordeaux,33,Appartement,50,6,
2023-000763,2023-06-17,1,Vente,695402,59000,59350,Lille,59,Local industriel. commercial ou assimilé,226,,214
2023-000764,2023-12-21,1,Vente,422778,31000,31555,Toulouse,31,Appartement,62,5,58
2023-000765,2023-07-15,3,Vente en l'état futur d'achèvement,1292753,13011,13211,Marseille 11e Arrondissement,13,Appartement,103,1,97
2023-000766,2023-07-08,3,Vente,404124,69002,69382,Lyon 2e Arrondissement,69,Maison,102,1,
2023-000767,2023-08-05,2,Vente,763305,31000,31555,Toulouse,31,Maison,151,5,
2023-000768,2023-03-16,3,Vente,204801,75001,75101,Paris 1er Arrondissement,75,Appartement,57,5,
2023-000769,2023-01-18,4,Vente en l'état futur d'achèvement,654144,44000,44109,Nantes,44,Appartement,96,6,91
2023-000770,2023-07-12,2,Vente,346815,69002,69382,Lyon 2e Arrondissement,69,Appartement,27,6,25
2023-000771,2023-09-07,4,Vente en l'état futur d'achèvement,1219835,75001,75101,Paris 1er Arrondissement,75,Appartement,113,1,
2023-000772,2023-07-20,2,Vente,491810,44000,44109,Nantes,44,Maison,170,6,161
2023-000773,2023-10-25,2,Vente,334656,31000,31555,Toulouse,31,Maison,83,3,
2023-000774,2023-01-05,4,Vente,271458,35000,35238,Rennes,35,Appartement,66,2,62
2023-000775,2023-01-29,3,Vente,470282,13011,13211,Marseille 11e Arrondissement,13,Maison,94,6,89
2023-000776,2023-01-18,2,Vente,206150,75018,75118,Paris 18e Arrondissement,75,Appartement,35,5,33
2023-000777,2023-12-10,4,Vente,779508,13011,13211,Marseille 11e Arrondissement,13,Dépendance,367,,
2023-000778,2023-11-25,4,Vente,451600,75011,75111,Paris 11e Arrondissement,75,Maison,200,5,
2023-000779,2023-07-16,2,Vente,944865,59000,59350,Lille,59,Appartement,81,5,
2023-000780,2023-10-02,1,Vente,1567920,59000,59350,Lille,59,Appartement,120,5,114
2023-000781,2023-04-03,2,Echange,688800,69002,69382,Lyon 2e Arrondissement,69,Appartement,96,5,91
2023-000782,2023-01-18,2,Vente,120780,75011,75111,Paris 11e Arrondissement,75,Appartement,30,5,
2023-000783,2023-09-23,2,Vente,1068070,44000,44109,Nantes,44,Maison,145,3,137
2023-000784,2023-04-07,2,Vente,553744,44000,44109,Nantes,44,Maison,106,2,100
2023-000785,2023-02-08,4,Vente,751590,69006,69386,Lyon 6e Arrondissement,69,Appartement,90,3,85
2023-000786,2023-05-18,2,Vente,674730,75018,75118,Paris 18e Arrondissement,75,Maison,119,5,
2023-000787,2023-07-14,3,Vente,149316,75018,75118,Paris 18e Arrondissement,75,Appartement,23,1,21
2023-000788,2023-03-16,4,Vente en l'état futur d'achèvement,0,13007,13207,Marseille 7e Arrondissement,13,Appartement,48,2,45
2023-000789,2023-06-06,1,Vente en l'état futur d'achèvement,1626680,35000,35238,Rennes,35,Maison,220,3,209
2023-000790,2023-04-03,2,Vente,840320,75018,75118,Paris 18e Arrondissement,75,Appartement,64,1,60
2023-000791,2023-01-28,4,Vente,917728,75018,75118,Paris 18e Arrondissement,75,Appartement,112,2,106
2023-000792,2023-08-08,4,Vente,617120,35000,35238,Rennes,35,Maison,203,3,192
2023-000793,2023-05-03,4,Vente,303552,67000,67482,Strasbourg,67,Maison,93,1,88
2023-000794,2023-12-17,1,Vente,409372,59000,59350,Lille,59,Appartement,106,6,100
2023-000795,2023-12-05,2,Vente,287000,59000,59350,Lille,59,Maison,205,5,
2023-000796,2023-01-27,3,Vente en l'état futur d'achèvement,629814,13007,13207,Marseille 7e Arrondissement,13,Appartement,74,1,70
2023-000797,2023-03-02,2,Vente en l'état futur d'achèvement,0,69002,69382,Lyon 2e Arrondissement,69,Appartement,57,4,54
2023-000798,2023-08-26,3,Vente,1205721,44000,44109,Nantes,44,Appartement,99,4,
2023-000799,2023-04-06,4,Vente,718591,75011,75111,Paris 11e Arrondissement,75,Appartement,71,2,
2023-000800,2023-05-09,2,Vente,582096,33000,33063,Bordeaux,33,Appartement,48,4,45
